{"cameraMode":{"drawMode":0,"name":"Shaded","section":"Shading Mode"},"sceneLighting":true,"audioPlay":false,"sceneViewState":{"m_AlwaysRefresh":false,"showFog":true,"showSkybox":true,"showFlares":true,"showImageEffects":true,"showParticleSystems":true,"showVisualEffectGraphs":true,"m_FxEnabled":true},"in2DMode":false,"pivot":{"x":337.6708679199219,"y":228.8272247314453,"z":-1.620330810546875},"rotation":{"x":-0.035910166800022128,"y":-0.06290879100561142,"z":-0.0023084182757884266,"w":0.9974291324615479},"size":137.19789123535157,"orthographic":false}